{"Libraries":[{"id":16,"name":"bc-java","so_tag":"bouncycastle","github_repo":"bcgit/bc-java","github_url":"git://github.com/bcgit/bc-java.git","jira_url":"","package":"org.bouncycastle","domain":5,"domain_name":"Cryptography","created_on":"2020-06-16T00:48:54.739714Z","popularity":64,"release_frequency":146.77157475490196,"issue_closing_time":49.35082679012345,"issue_response_time":27.968687671672868,"performance":1.3972055888223553,"security":7.984031936127744,"last_modification_dates":"06/06/2020, 07:04:12 UTC;06/05/2020, 09:52:48 UTC;06/02/2020, 19:38:12 UTC;06/02/2020, 16:05:03 UTC;06/02/2020, 08:08:01 UTC;06/02/2020, 07:29:31 UTC;06/02/2020, 07:28:21 UTC;06/02/2020, 07:04:10 UTC;06/02/2020, 05:44:40 UTC;05/31/2020, 09:33:15 UTC","last_modification_date":"2020-06-06T07:04:12Z","backwards_compatibility":2014.111111111111,"breaking_changes":36254,"non_breaking_changes":47266,"last_discussed_so_dates":"06/11/2020, 12:46:51 UTC;06/11/2020, 07:31:09 UTC;06/10/2020, 14:07:24 UTC;06/07/2020, 05:31:07 UTC;06/03/2020, 18:54:04 UTC;05/29/2020, 03:33:14 UTC;05/25/2020, 02:28:39 UTC;05/24/2020, 22:22:25 UTC;05/22/2020, 07:51:23 UTC;05/15/2020, 19:23:15 UTC","last_discussed_so":"2020-06-11T12:46:51Z","license":"Other","overall_score":4.268456852505498},{"id":8,"name":"blitz4j","so_tag":"blitz4j","github_repo":"Netflix/blitz4j","github_url":"git://github.com/Netflix/blitz4j.git","jira_url":"","package":"com.netflix.blitz4j","domain":2,"domain_name":"Logging","created_on":"2020-06-16T00:48:54.638733Z","popularity":0,"release_frequency":36.72451978939724,"issue_closing_time":399.7639409722222,"issue_response_time":14.434861111111111,"performance":11.11111111111111,"security":0.0,"last_modification_dates":"12/18/2018, 17:54:21 UTC;12/18/2018, 05:56:54 UTC;12/18/2018, 05:55:46 UTC;10/17/2017, 19:30:30 UTC;10/15/2017, 06:21:35 UTC;09/15/2017, 20:01:24 UTC;09/15/2017, 19:58:47 UTC;09/15/2017, 19:42:04 UTC;09/15/2017, 19:26:16 UTC;07/21/2017, 05:56:13 UTC","last_modification_date":"2018-12-18T17:54:21Z","backwards_compatibility":27.923076923076923,"breaking_changes":1452,"non_breaking_changes":468,"last_discussed_so_dates":"","last_discussed_so":null,"license":"Apache License 2.0","overall_score":2.4952976259313973},{"id":19,"name":"chimera","so_tag":"intel-chimera","github_repo":"intel-hadoop/chimera","github_url":"git://github.com/intel-hadoop/chimera.git","jira_url":"","package":"com.intel.chimera","domain":5,"domain_name":"Cryptography","created_on":"2020-06-16T00:48:54.602172Z","popularity":0,"release_frequency":15.507627314814815,"issue_closing_time":5.254649024024024,"issue_response_time":0.9051183127572016,"performance":2.380952380952381,"security":4.761904761904762,"last_modification_dates":"04/15/2016, 02:27:46 UTC;04/14/2016, 08:40:55 UTC;04/12/2016, 01:39:05 UTC;04/12/2016, 01:38:48 UTC;04/11/2016, 08:56:22 UTC;04/08/2016, 03:32:13 UTC;04/07/2016, 07:14:24 UTC;04/07/2016, 07:12:55 UTC;04/01/2016, 08:58:59 UTC;04/01/2016, 08:51:33 UTC","last_modification_date":"2016-04-15T02:27:46Z","backwards_compatibility":78.0,"breaking_changes":234,"non_breaking_changes":326,"last_discussed_so_dates":"","last_discussed_so":null,"license":"Apache License 2.0","overall_score":3.4070947254008876},{"id":38,"name":"commons-collections","so_tag":"apache-commons-collection","github_repo":"apache/commons-collections","github_url":"git://github.com/apache/commons-collections.git","jira_url":"https://issues.apache.org/jira/sr/jira.issueviews:searchrequest-xml/temp/SearchRequest.xml?jqlQuery=project+%3D+COLLECTIONS+AND+issuetype+%3D+Bug+ORDER+BY+priority+DESC%2C+updated+DESC&tempMax=1000&field=summary&field=reporter&field=created&field=resolved&field=comments","package":"org.apache.commons.collections","domain":12,"domain_name":"Collections","created_on":"2020-06-16T00:48:54.822296Z","popularity":71,"release_frequency":90.82487678433642,"issue_closing_time":758.0550971675954,"issue_response_time":60.921874338624335,"performance":6.214689265536723,"security":0.2824858757062147,"last_modification_dates":"05/30/2020, 14:55:45 UTC;05/28/2020, 12:14:12 UTC;05/28/2020, 11:58:48 UTC;05/21/2020, 15:37:07 UTC;05/12/2020, 14:34:06 UTC;05/12/2020, 14:30:19 UTC;04/28/2020, 14:07:58 UTC;04/28/2020, 13:47:30 UTC;04/28/2020, 13:42:45 UTC;04/28/2020, 13:41:39 UTC","last_modification_date":"2020-05-30T14:55:45Z","backwards_compatibility":0.0,"breaking_changes":0,"non_breaking_changes":0,"last_discussed_so_dates":"06/11/2020, 13:46:17 UTC;05/16/2020, 09:44:27 UTC;04/14/2020, 10:54:07 UTC;02/04/2020, 08:56:25 UTC;01/01/2020, 13:46:39 UTC;06/21/2019, 09:33:41 UTC;12/30/2018, 07:57:19 UTC;12/12/2017, 13:39:27 UTC;11/17/2017, 10:15:39 UTC;07/05/2017, 15:19:28 UTC","last_discussed_so":"2020-06-11T13:46:17Z","license":"Apache License 2.0","overall_score":3.42023125456688},{"id":17,"name":"commons-crypto","so_tag":"apache-commons-crypto","github_repo":"apache/commons-crypto","github_url":"git://github.com/apache/commons-crypto.git","jira_url":"https://issues.apache.org/jira/sr/jira.issueviews:searchrequest-xml/temp/SearchRequest.xml?jqlQuery=project+%3D+CRYPTO+AND+issuetype+%3D+Bug+ORDER+BY+key+DESC&tempMax=1000&field=summary&field=reporter&field=created&field=resolved&field=comments","package":"org.apache.commons.crypto","domain":5,"domain_name":"Cryptography","created_on":"2020-06-16T00:48:54.745521Z","popularity":1,"release_frequency":50.571357060185186,"issue_closing_time":34.11892501402918,"issue_response_time":16.589752014746228,"performance":1.3888888888888888,"security":1.3888888888888888,"last_modification_dates":"06/06/2020, 23:29:37 UTC;06/06/2020, 23:28:03 UTC;06/06/2020, 23:27:13 UTC;06/06/2020, 23:25:51 UTC;06/06/2020, 23:20:31 UTC;06/06/2020, 23:18:46 UTC;06/06/2020, 22:18:53 UTC;06/01/2020, 13:41:18 UTC;05/26/2020, 12:42:58 UTC;05/25/2020, 17:42:08 UTC","last_modification_date":"2020-06-06T23:29:37Z","backwards_compatibility":142.4,"breaking_changes":712,"non_breaking_changes":1104,"last_discussed_so_dates":"","last_discussed_so":null,"license":"Apache License 2.0","overall_score":3.932212020646081},{"id":37,"name":"commons-email","so_tag":"apache-commons-email","github_repo":"apache/commons-email","github_url":"git://github.com/apache/commons-email.git","jira_url":"https://issues.apache.org/jira/sr/jira.issueviews:searchrequest-xml/temp/SearchRequest.xml?jqlQuery=project+%3D+EMAIL+AND+issuetype+%3D+Bug+ORDER+BY+priority+DESC%2C+updated+DESC&tempMax=1000&field=summary&field=reporter&field=created&field=resolved&field=comments","package":"org.apache.commons.mail","domain":11,"domain_name":"Mail Client","created_on":"2020-06-16T00:48:54.809263Z","popularity":15,"release_frequency":101.56818061985597,"issue_closing_time":793.0886555305306,"issue_response_time":59.50978895562229,"performance":0.0,"security":2.479338842975207,"last_modification_dates":"05/26/2020, 12:41:56 UTC;05/25/2020, 17:41:07 UTC;04/15/2020, 13:36:56 UTC;03/30/2020, 15:09:41 UTC;03/05/2020, 23:03:38 UTC;03/05/2020, 22:14:10 UTC;03/03/2020, 21:55:35 UTC;12/18/2019, 21:09:16 UTC;12/18/2019, 20:29:45 UTC;12/10/2019, 15:30:11 UTC","last_modification_date":"2020-05-26T12:41:56Z","backwards_compatibility":0.0,"breaking_changes":0,"non_breaking_changes":0,"last_discussed_so_dates":"08/19/2019, 13:05:38 UTC;08/07/2019, 07:15:57 UTC;08/05/2019, 21:36:47 UTC;06/24/2019, 14:36:16 UTC;06/07/2019, 13:10:07 UTC;04/12/2018, 14:50:32 UTC;12/12/2017, 04:54:30 UTC;04/16/2017, 19:39:11 UTC;07/11/2016, 15:28:01 UTC;06/07/2016, 22:56:15 UTC","last_discussed_so":"2019-08-19T13:05:38Z","license":"Apache License 2.0","overall_score":3.4223561788741046},{"id":11,"name":"commons-lang","so_tag":"apache-commons-lang","github_repo":"apache/commons-lang","github_url":"git://github.com/apache/commons-lang.git","jira_url":"https://issues.apache.org/jira/sr/jira.issueviews:searchrequest-xml/temp/SearchRequest.xml?jqlQuery=project+%3D+LANG+AND+issuetype+%3D+Bug+ORDER+BY+key+DESC&tempMax=1000&field=summary&field=reporter&field=created&field=resolved&field=comments","package":"org.apache.commons.lang","domain":3,"domain_name":"Utilities","created_on":"2020-06-16T00:48:54.596089Z","popularity":135,"release_frequency":52.51587450021044,"issue_closing_time":363.7253820779181,"issue_response_time":34.92814525462963,"performance":1.6320474777448073,"security":0.1483679525222552,"last_modification_dates":"06/12/2020, 20:41:10 UTC;06/12/2020, 20:40:49 UTC;06/12/2020, 20:25:35 UTC;06/12/2020, 20:20:28 UTC;06/12/2020, 20:15:01 UTC;06/12/2020, 19:35:28 UTC;06/12/2020, 19:25:14 UTC;06/12/2020, 15:37:06 UTC;06/12/2020, 15:36:13 UTC;06/12/2020, 15:35:37 UTC","last_modification_date":"2020-06-12T20:41:10Z","backwards_compatibility":330.7191011235955,"breaking_changes":29434,"non_breaking_changes":32974,"last_discussed_so_dates":"06/01/2020, 20:59:51 UTC;12/31/2019, 03:05:03 UTC;10/03/2019, 07:31:19 UTC;08/22/2019, 10:57:10 UTC;08/12/2019, 15:03:45 UTC;07/09/2019, 13:19:54 UTC;05/24/2019, 16:09:13 UTC;08/15/2018, 12:37:11 UTC;03/02/2018, 20:35:37 UTC;02/25/2018, 22:31:15 UTC","last_discussed_so":"2020-06-01T20:59:51Z","license":"Apache License 2.0","overall_score":3.5891002197618667},{"id":6,"name":"commons-logging","so_tag":"apache-commons-logging","github_repo":"apache/commons-logging","github_url":"git://github.com/apache/commons-logging.git","jira_url":"https://issues.apache.org/jira/sr/jira.issueviews:searchrequest-xml/temp/SearchRequest.xml?jqlQuery=project+%3D+LOGGING+AND+issuetype+%3D+Bug+ORDER+BY+key+DESC&tempMax=1000&field=summary&field=reporter&field=created&field=resolved&field=comments","package":"org.apache.commons.logging","domain":2,"domain_name":"Logging","created_on":"2020-06-16T00:48:54.687465Z","popularity":72,"release_frequency":63.44249247685185,"issue_closing_time":1381.9692295558834,"issue_response_time":37.763568783068784,"performance":3.4782608695652173,"security":0.8695652173913043,"last_modification_dates":"05/30/2020, 15:00:44 UTC;05/26/2020, 12:42:13 UTC;05/25/2020, 17:42:42 UTC;05/25/2020, 16:08:30 UTC;03/30/2020, 19:07:28 UTC;12/18/2019, 21:43:59 UTC;08/15/2019, 20:01:37 UTC;05/15/2018, 18:58:35 UTC;01/08/2018, 16:34:10 UTC;01/07/2018, 20:48:23 UTC","last_modification_date":"2020-05-30T15:00:44Z","backwards_compatibility":54.048780487804876,"breaking_changes":2216,"non_breaking_changes":2230,"last_discussed_so_dates":"06/15/2020, 14:40:18 UTC;06/08/2020, 02:31:41 UTC;04/30/2020, 08:18:06 UTC;03/20/2020, 09:22:26 UTC;02/27/2020, 13:42:10 UTC;02/21/2020, 11:15:35 UTC;10/09/2019, 09:49:53 UTC;08/13/2019, 12:55:11 UTC;05/13/2019, 20:17:07 UTC;01/11/2019, 13:56:13 UTC","last_discussed_so":"2020-06-15T14:40:18Z","license":"Other","overall_score":3.3543279876367462},{"id":18,"name":"conceal","so_tag":"facebook-conceal","github_repo":"facebook/conceal","github_url":"git://github.com/facebook/conceal.git","jira_url":"","package":"com.facebook.crypto","domain":5,"domain_name":"Cryptography","created_on":"2020-06-16T00:48:54.662728Z","popularity":3,"release_frequency":82.0014274691358,"issue_closing_time":154.94889938127378,"issue_response_time":71.29662780326198,"performance":3.007518796992481,"security":16.541353383458645,"last_modification_dates":"01/16/2018, 05:59:46 UTC;12/07/2017, 01:18:23 UTC;12/07/2017, 01:17:22 UTC;11/20/2017, 03:47:35 UTC;06/30/2017, 20:34:24 UTC;06/28/2017, 04:39:22 UTC;06/28/2017, 04:37:36 UTC;06/28/2017, 04:35:20 UTC;06/28/2017, 04:34:02 UTC;06/27/2017, 22:11:47 UTC","last_modification_date":"2018-01-16T05:59:46Z","backwards_compatibility":28.571428571428573,"breaking_changes":200,"non_breaking_changes":768,"last_discussed_so_dates":"06/02/2015, 14:22:25 UTC","last_discussed_so":"2015-06-02T14:22:25Z","license":"Other","overall_score":3.0001640646355927},{"id":22,"name":"conscrypt","so_tag":"conscrypt","github_repo":"google/conscrypt","github_url":"git://github.com/google/conscrypt.git","jira_url":"","package":"com.android.org.conscrypt","domain":5,"domain_name":"Cryptography","created_on":"2020-06-16T00:48:54.797747Z","popularity":0,"release_frequency":35.05257989844684,"issue_closing_time":27.55534957862054,"issue_response_time":18.259462661626124,"performance":4.329004329004329,"security":3.0303030303030303,"last_modification_dates":"05/01/2020, 12:33:25 UTC;04/29/2020, 17:58:19 UTC;04/28/2020, 12:12:17 UTC;04/28/2020, 11:35:16 UTC;04/24/2020, 14:37:28 UTC;04/23/2020, 15:54:41 UTC;04/07/2020, 08:56:55 UTC;04/06/2020, 16:29:05 UTC;03/13/2020, 11:40:33 UTC;03/12/2020, 14:55:58 UTC","last_modification_date":"2020-05-01T12:33:25Z","backwards_compatibility":211.5,"breaking_changes":6768,"non_breaking_changes":6606,"last_discussed_so_dates":"","last_discussed_so":null,"license":"Other","overall_score":3.795099578582428},{"id":46,"name":"deeplearning4j","so_tag":"deeplearning4j","github_repo":"eclipse/deeplearning4j","github_url":"git://github.com/eclipse/deeplearning4j.git","jira_url":"","package":"org.deeplearning4j","domain":13,"domain_name":"Machine Learning","created_on":"2020-06-16T00:48:54.650694Z","popularity":4,"release_frequency":41.31432386363637,"issue_closing_time":75.33871737625476,"issue_response_time":110.14602725580973,"performance":4.148595134829343,"security":0.0,"last_modification_dates":"06/01/2020, 18:29:07 UTC;06/01/2020, 18:28:47 UTC;06/01/2020, 17:41:13 UTC;06/01/2020, 17:39:59 UTC;06/01/2020, 17:39:04 UTC;05/14/2020, 06:56:15 UTC;05/13/2020, 15:16:08 UTC;05/13/2020, 15:13:51 UTC;05/13/2020, 14:39:50 UTC;05/13/2020, 14:36:38 UTC","last_modification_date":"2020-06-01T18:29:07Z","backwards_compatibility":0.0,"breaking_changes":0,"non_breaking_changes":0,"last_discussed_so_dates":"06/10/2020, 18:21:37 UTC;06/08/2020, 09:25:33 UTC;05/27/2020, 18:17:11 UTC;05/26/2020, 14:45:20 UTC;05/18/2020, 09:45:30 UTC;05/11/2020, 09:09:48 UTC;05/10/2020, 21:58:52 UTC;04/26/2020, 18:26:13 UTC;04/21/2020, 18:37:01 UTC;04/15/2020, 21:49:41 UTC","last_discussed_so":"2020-06-10T18:21:37Z","license":"Apache License 2.0","overall_score":3.935074013037712},{"id":27,"name":"derby","so_tag":"derby","github_repo":"apache/derby","github_url":"git://github.com/apache/derby.git","jira_url":"https://issues.apache.org/jira/sr/jira.issueviews:searchrequest-xml/temp/SearchRequest.xml?jqlQuery=project+%3D+DERBY+AND+issuetype+%3D+Bug+ORDER+BY+key+DESC&tempMax=1000&field=summary&field=reporter&field=created&field=resolved&field=comments","package":"org.apache.derby","domain":7,"domain_name":"Databases","created_on":"2020-06-16T00:48:54.674742Z","popularity":10,"release_frequency":-1.0,"issue_closing_time":99.98966451215759,"issue_response_time":55.42638419632694,"performance":3.5999999999999996,"security":3.5000000000000004,"last_modification_dates":"08/18/2019, 23:21:51 UTC;07/26/2019, 02:45:32 UTC;06/25/2019, 13:23:20 UTC;05/14/2019, 02:10:42 UTC;05/12/2019, 16:32:58 UTC;04/01/2019, 13:22:39 UTC;03/31/2019, 22:03:59 UTC;03/14/2019, 13:42:40 UTC;03/13/2019, 00:56:55 UTC;03/13/2019, 00:45:44 UTC","last_modification_date":"2019-08-18T23:21:51Z","backwards_compatibility":-1.0,"breaking_changes":0,"non_breaking_changes":0,"last_discussed_so_dates":"06/13/2020, 22:58:34 UTC;06/08/2020, 11:53:54 UTC;06/08/2020, 10:18:54 UTC;05/30/2020, 21:05:10 UTC;05/22/2020, 08:34:21 UTC;05/21/2020, 20:51:52 UTC;05/21/2020, 20:11:17 UTC;05/21/2020, 07:46:40 UTC;05/15/2020, 19:53:48 UTC;05/13/2020, 12:32:53 UTC","last_discussed_so":"2020-06-13T22:58:34Z","license":"Apache License 2.0","overall_score":3.1542501504547764},{"id":34,"name":"dom4j","so_tag":"dom4j","github_repo":"dom4j/dom4j","github_url":"git://github.com/dom4j/dom4j.git","jira_url":"","package":"org.dom4j","domain":10,"domain_name":"XML Processing","created_on":"2020-06-16T00:48:54.774490Z","popularity":21,"release_frequency":293.86425347222223,"issue_closing_time":145.21650810185187,"issue_response_time":151.676993108165,"performance":1.5625,"security":6.25,"last_modification_dates":"04/12/2020, 10:10:44 UTC;04/12/2020, 07:37:59 UTC;04/11/2020, 18:41:01 UTC;04/11/2020, 18:04:22 UTC;04/11/2020, 18:04:03 UTC;04/11/2020, 18:00:19 UTC;04/11/2020, 17:41:04 UTC;04/11/2020, 17:30:51 UTC;04/11/2020, 17:06:44 UTC;04/11/2020, 17:27:36 UTC","last_modification_date":"2020-04-12T10:10:44Z","backwards_compatibility":0.0,"breaking_changes":0,"non_breaking_changes":0,"last_discussed_so_dates":"05/12/2020, 17:49:56 UTC;04/22/2020, 04:58:58 UTC;01/24/2020, 13:05:28 UTC;01/17/2020, 14:02:38 UTC;12/30/2019, 08:39:43 UTC;12/16/2019, 21:10:25 UTC;12/16/2019, 19:18:45 UTC;11/25/2019, 09:51:03 UTC;10/01/2019, 10:43:18 UTC;09/24/2019, 04:23:50 UTC","last_discussed_so":"2020-05-12T17:49:56Z","license":"Other","overall_score":3.2027486046790674},{"id":13,"name":"easymock","so_tag":"easymock","github_repo":"easymock/easymock","github_url":"git://github.com/easymock/easymock.git","jira_url":"","package":"org.easymock","domain":4,"domain_name":"Mocking","created_on":"2020-06-16T00:48:54.576509Z","popularity":26,"release_frequency":205.34832236842107,"issue_closing_time":65.71440313816811,"issue_response_time":95.65608989197531,"performance":1.3761467889908259,"security":0.0,"last_modification_dates":"04/10/2020, 02:47:47 UTC;04/07/2020, 01:55:46 UTC;04/05/2020, 01:49:39 UTC;03/29/2020, 02:26:07 UTC;03/29/2020, 02:25:16 UTC;03/22/2020, 14:53:50 UTC;02/25/2020, 15:26:20 UTC;02/25/2020, 08:37:33 UTC;02/11/2020, 16:25:29 UTC;02/11/2020, 05:04:40 UTC","last_modification_date":"2020-04-10T02:47:47Z","backwards_compatibility":92.4,"breaking_changes":1848,"non_breaking_changes":2382,"last_discussed_so_dates":"06/09/2020, 21:55:40 UTC;06/01/2020, 19:16:48 UTC;05/22/2020, 12:00:07 UTC;05/21/2020, 18:10:14 UTC;05/04/2020, 14:08:20 UTC;04/27/2020, 19:06:46 UTC;04/18/2020, 02:02:24 UTC;04/16/2020, 17:29:12 UTC;04/13/2020, 07:57:44 UTC;04/01/2020, 23:25:41 UTC","last_discussed_so":"2020-06-09T21:55:40Z","license":"None","overall_score":3.4091269200751206},{"id":43,"name":"eclipse-collections","so_tag":"eclipse-collections","github_repo":"eclipse/eclipse-collections","github_url":"git://github.com/eclipse/eclipse-collections.git","jira_url":"","package":"org.eclipse.collections","domain":12,"domain_name":"Collections","created_on":"2020-06-16T00:48:54.855008Z","popularity":4,"release_frequency":38.71729938271605,"issue_closing_time":104.00133231076951,"issue_response_time":55.55465229552469,"performance":1.7241379310344827,"security":0.0,"last_modification_dates":"06/11/2020, 01:17:07 UTC;06/09/2020, 19:52:13 UTC;06/09/2020, 17:07:00 UTC;05/23/2020, 21:11:48 UTC;06/07/2020, 04:01:34 UTC;06/01/2020, 03:10:00 UTC;05/18/2020, 15:24:20 UTC;05/11/2020, 16:42:33 UTC;05/18/2020, 15:17:28 UTC;05/18/2020, 15:15:31 UTC","last_modification_date":"2020-06-11T01:17:07Z","backwards_compatibility":0.0,"breaking_changes":0,"non_breaking_changes":0,"last_discussed_so_dates":"04/23/2020, 11:32:20 UTC;04/14/2020, 19:18:54 UTC;04/03/2019, 15:23:15 UTC;11/16/2018, 07:50:57 UTC;10/04/2018, 13:43:56 UTC;05/17/2018, 00:39:30 UTC;04/20/2018, 09:49:59 UTC;03/31/2018, 23:53:26 UTC;12/15/2017, 09:32:32 UTC;10/16/2017, 22:37:41 UTC","last_discussed_so":"2020-04-23T11:32:20Z","license":"Other","overall_score":3.4251797783040914},{"id":48,"name":"elki","so_tag":"elki","github_repo":"elki-project/elki","github_url":"git://github.com/elki-project/elki.git","jira_url":"","package":"de.lmu.ifi.dbs.elki","domain":13,"domain_name":"Machine Learning","created_on":"2020-06-16T00:48:54.860964Z","popularity":0,"release_frequency":351.83185185185187,"issue_closing_time":23.740340653153154,"issue_response_time":0.4534306742640076,"performance":0.0,"security":0.0,"last_modification_dates":"06/02/2020, 21:34:01 UTC;06/02/2020, 21:27:15 UTC;05/28/2020, 22:11:46 UTC;05/28/2020, 21:53:41 UTC;03/30/2020, 16:48:41 UTC;03/30/2020, 16:24:39 UTC;03/30/2020, 15:36:19 UTC;03/29/2020, 13:35:17 UTC;03/29/2020, 13:34:33 UTC;03/29/2020, 13:32:46 UTC","last_modification_date":"2020-06-02T21:34:01Z","backwards_compatibility":0.0,"breaking_changes":0,"non_breaking_changes":0,"last_discussed_so_dates":"04/20/2020, 21:43:15 UTC;09/25/2019, 05:03:23 UTC;08/21/2019, 13:21:57 UTC;07/05/2019, 15:06:51 UTC;06/04/2019, 13:10:36 UTC;02/13/2019, 17:31:44 UTC;01/08/2019, 12:23:06 UTC;01/02/2019, 13:16:12 UTC;12/29/2018, 11:05:00 UTC;07/20/2018, 01:06:42 UTC","last_discussed_so":"2020-04-20T21:43:15Z","license":"GNU Affero General Public License v3.0","overall_score":3.082410006764316},{"id":39,"name":"fastutil","so_tag":"fastutil","github_repo":"vigna/fastutil","github_url":"git://github.com/vigna/fastutil.git","jira_url":"","package":"it.unimi.dsi.fastutil","domain":12,"domain_name":"Collections","created_on":"2020-06-16T00:48:54.848952Z","popularity":19,"release_frequency":91.40758832846004,"issue_closing_time":51.089579055958126,"issue_response_time":10.598152501698946,"performance":6.504065040650407,"security":0.0,"last_modification_dates":"06/04/2020, 14:58:59 UTC;05/20/2020, 14:17:45 UTC;05/20/2020, 14:16:59 UTC;05/20/2020, 12:09:21 UTC;04/02/2020, 13:54:00 UTC;04/02/2020, 11:42:57 UTC;03/29/2020, 15:55:24 UTC;02/11/2020, 10:40:32 UTC;02/11/2020, 10:33:53 UTC;02/11/2020, 10:33:49 UTC","last_modification_date":"2020-06-04T14:58:59Z","backwards_compatibility":0.0,"breaking_changes":0,"non_breaking_changes":0,"last_discussed_so_dates":"05/17/2020, 17:05:11 UTC;04/23/2020, 11:32:20 UTC;05/30/2019, 04:52:11 UTC;02/17/2019, 20:31:33 UTC;10/25/2018, 05:58:56 UTC;08/15/2018, 05:10:34 UTC;02/04/2018, 01:27:57 UTC;04/22/2017, 09:31:44 UTC;04/21/2017, 08:55:34 UTC;12/09/2016, 19:32:23 UTC","last_discussed_so":"2020-05-17T17:05:11Z","license":"Apache License 2.0","overall_score":3.593698009382642},{"id":23,"name":"gson","so_tag":"gson","github_repo":"google/gson","github_url":"git://github.com/google/gson.git","jira_url":"","package":"com.google.gson","domain":6,"domain_name":"JSON","created_on":"2020-06-16T00:48:54.815284Z","popularity":199,"release_frequency":106.45786443494778,"issue_closing_time":21.095125906974225,"issue_response_time":123.49587869063949,"performance":1.09460516028147,"security":0.07818608287724785,"last_modification_dates":"05/13/2020, 19:49:59 UTC;05/02/2020, 08:01:44 UTC;03/02/2020, 22:57:42 UTC;03/02/2020, 22:52:37 UTC;03/02/2020, 22:49:47 UTC;02/17/2020, 22:55:19 UTC;02/17/2020, 22:46:15 UTC;02/17/2020, 22:42:27 UTC;02/05/2020, 23:11:43 UTC;11/05/2019, 18:29:11 UTC","last_modification_date":"2020-05-13T19:49:59Z","backwards_compatibility":82.2,"breaking_changes":3288,"non_breaking_changes":3476,"last_discussed_so_dates":"06/15/2020, 06:12:27 UTC;06/15/2020, 03:00:42 UTC;06/14/2020, 10:55:06 UTC;06/13/2020, 10:01:47 UTC;06/12/2020, 00:41:43 UTC;06/10/2020, 16:03:44 UTC;06/10/2020, 08:24:42 UTC;06/10/2020, 06:37:23 UTC;06/10/2020, 00:47:00 UTC;06/09/2020, 22:03:23 UTC","last_discussed_so":"2020-06-15T06:12:27Z","license":"Apache License 2.0","overall_score":4.200896758614689},{"id":10,"name":"guava","so_tag":"guava","github_repo":"google/guava","github_url":"git://github.com/google/guava.git","jira_url":"","package":"com.google.common","domain":3,"domain_name":"Utilities","created_on":"2020-06-16T00:48:54.780303Z","popularity":282,"release_frequency":42.0805226539742,"issue_closing_time":168.78209122706505,"issue_response_time":238.55439185772082,"performance":2.428891019495046,"security":0.09587727708533077,"last_modification_dates":"06/11/2020, 14:56:36 UTC;06/11/2020, 14:34:02 UTC;06/10/2020, 13:30:51 UTC;06/09/2020, 21:17:41 UTC;06/08/2020, 23:09:18 UTC;06/08/2020, 22:23:01 UTC;06/05/2020, 17:31:36 UTC;06/05/2020, 00:36:59 UTC;06/04/2020, 10:25:14 UTC;06/03/2020, 18:30:38 UTC","last_modification_date":"2020-06-11T14:56:36Z","backwards_compatibility":477.02222222222224,"breaking_changes":42932,"non_breaking_changes":53112,"last_discussed_so_dates":"06/14/2020, 12:01:31 UTC;06/09/2020, 16:24:31 UTC;06/06/2020, 22:02:13 UTC;06/01/2020, 20:02:17 UTC;06/01/2020, 18:47:50 UTC;06/01/2020, 00:38:57 UTC;05/25/2020, 13:08:23 UTC;05/21/2020, 12:48:55 UTC;05/20/2020, 09:48:41 UTC;05/20/2020, 00:59:09 UTC","last_discussed_so":"2020-06-14T12:01:31Z","license":"Apache License 2.0","overall_score":3.9265212527374542},{"id":25,"name":"h2database","so_tag":"h2","github_repo":"h2database/h2database","github_url":"git://github.com/h2database/h2database.git","jira_url":"","package":"org.h2","domain":7,"domain_name":"Databases","created_on":"2020-06-16T00:48:54.768493Z","popularity":27,"release_frequency":127.57159915123457,"issue_closing_time":70.49581060114473,"issue_response_time":14.493415508136653,"performance":3.866171003717472,"security":0.37174721189591076,"last_modification_dates":"06/12/2020, 04:04:42 UTC;06/12/2020, 03:00:08 UTC;06/12/2020, 02:49:20 UTC;06/11/2020, 12:22:27 UTC;06/11/2020, 07:35:33 UTC;06/11/2020, 06:47:00 UTC;06/11/2020, 05:27:55 UTC;06/10/2020, 13:42:38 UTC;06/10/2020, 13:16:39 UTC;06/10/2020, 07:41:23 UTC","last_modification_date":"2020-06-12T04:04:42Z","backwards_compatibility":12814.0,"breaking_changes":320350,"non_breaking_changes":136920,"last_discussed_so_dates":"06/15/2020, 13:54:54 UTC;06/15/2020, 12:12:58 UTC;06/14/2020, 17:16:36 UTC;06/12/2020, 15:14:28 UTC;06/11/2020, 17:06:45 UTC;06/11/2020, 11:37:40 UTC;06/09/2020, 02:07:53 UTC;06/05/2020, 16:23:03 UTC;06/05/2020, 08:24:38 UTC;06/04/2020, 17:32:33 UTC","last_discussed_so":"2020-06-15T13:54:54Z","license":"Other","overall_score":4.1638472842602},{"id":30,"name":"hibernate-orm","so_tag":"hibernate","github_repo":"hibernate/hibernate-orm","github_url":"git://github.com/hibernate/hibernate-orm.git","jira_url":"https://hibernate.atlassian.net/sr/jira.issueviews:searchrequest-xml/temp/SearchRequest.xml?jqlQuery=project+%3D+HHH+AND+issuetype+%3D+Bug+order+by+created+DESC&tempMax=1000&field=summary&field=reporter&field=created&field=resolved&field=comments","package":"org.hibernate","domain":9,"domain_name":"Object-relational Mapping","created_on":"2020-06-16T00:48:54.836131Z","popularity":66,"release_frequency":17.558828139114723,"issue_closing_time":37.893994455821606,"issue_response_time":30.2411229721457,"performance":2.1,"security":0.6,"last_modification_dates":"12/14/2019, 00:28:49 UTC;04/24/2020, 14:46:20 UTC;05/27/2020, 04:58:24 UTC;05/19/2020, 13:20:38 UTC;04/25/2020, 14:53:05 UTC;04/24/2020, 10:06:07 UTC;04/24/2020, 10:03:56 UTC;04/24/2020, 08:47:31 UTC;04/23/2020, 00:16:44 UTC;04/22/2020, 23:13:06 UTC","last_modification_date":"2019-12-14T00:28:49Z","backwards_compatibility":0.0,"breaking_changes":0,"non_breaking_changes":0,"last_discussed_so_dates":"06/15/2020, 14:58:53 UTC;06/15/2020, 14:27:05 UTC;06/15/2020, 14:06:28 UTC;06/15/2020, 12:16:29 UTC;06/15/2020, 12:12:58 UTC;06/15/2020, 10:58:07 UTC;06/15/2020, 10:48:33 UTC;06/15/2020, 08:59:11 UTC;06/15/2020, 08:20:16 UTC;06/15/2020, 08:11:55 UTC","last_discussed_so":"2020-06-15T14:58:53Z","license":"None","overall_score":3.8257980325205088},{"id":42,"name":"high-scale-lib","so_tag":"high-scale-lib","github_repo":"stephenc/high-scale-lib","github_url":"git://github.com/stephenc/high-scale-lib.git","jira_url":"","package":"org.cliffc.high_scale_lib","domain":12,"domain_name":"Collections","created_on":"2020-06-16T00:48:54.756904Z","popularity":2,"release_frequency":57.64829089506173,"issue_closing_time":499.9863599537037,"issue_response_time":0.1338888888888889,"performance":0.0,"security":0.0,"last_modification_dates":"01/29/2013, 11:51:32 UTC;01/05/2012, 17:59:01 UTC;11/28/2011, 22:34:53 UTC;11/28/2011, 22:34:45 UTC;11/28/2011, 21:43:47 UTC;11/28/2011, 21:43:33 UTC;11/28/2011, 21:42:44 UTC;11/28/2011, 21:37:40 UTC;11/28/2011, 21:25:41 UTC;11/28/2011, 19:11:38 UTC","last_modification_date":"2013-01-29T11:51:32Z","backwards_compatibility":0.0,"breaking_changes":0,"non_breaking_changes":0,"last_discussed_so_dates":"","last_discussed_so":null,"license":"Other","overall_score":2.4186635451316683},{"id":41,"name":"hppc","so_tag":"hppc","github_repo":"carrotsearch/hppc","github_url":"git://github.com/carrotsearch/hppc.git","jira_url":"https://issues.carrot2.org/sr/jira.issueviews:searchrequest-xml/temp/SearchRequest.xml?jqlQuery=project+%3D+HPPC+AND+issuetype+%3D+Bug+ORDER+BY+priority+DESC%2C+updated+DESC&tempMax=1000&field=summary&field=reporter&field=created&field=resolved&field=comments","package":"com.carrotsearch.hppc","domain":12,"domain_name":"Collections","created_on":"2020-06-16T00:48:54.557772Z","popularity":9,"release_frequency":162.73553442028984,"issue_closing_time":7.917831413730804,"issue_response_time":8.694498842592592,"performance":2.3255813953488373,"security":0.0,"last_modification_dates":"06/01/2020, 08:47:54 UTC;06/01/2020, 08:38:57 UTC;05/21/2020, 07:21:49 UTC;05/20/2020, 17:49:56 UTC;05/19/2020, 17:56:24 UTC;05/18/2020, 19:00:43 UTC;05/14/2019, 07:15:44 UTC;05/13/2019, 21:13:38 UTC;05/21/2018, 10:30:58 UTC;05/21/2018, 10:29:51 UTC","last_modification_date":"2020-06-01T08:47:54Z","backwards_compatibility":0.0,"breaking_changes":0,"non_breaking_changes":0,"last_discussed_so_dates":"","last_discussed_so":null,"license":"Apache License 2.0","overall_score":3.4812541276212894},{"id":44,"name":"jcommon","so_tag":"facebook-jcommon","github_repo":"facebook/jcommon","github_url":"git://github.com/facebook/jcommon.git","jira_url":"","package":"com.facebook.util","domain":12,"domain_name":"Collections","created_on":"2020-06-16T00:48:54.656696Z","popularity":0,"release_frequency":11.235714699074075,"issue_closing_time":386.11527083333334,"issue_response_time":329.8075578703704,"performance":0.0,"security":0.0,"last_modification_dates":"07/26/2018, 17:22:58 UTC;07/26/2018, 17:22:57 UTC;07/07/2018, 06:02:05 UTC;05/23/2018, 15:24:08 UTC;04/12/2018, 13:09:15 UTC;11/02/2017, 21:28:18 UTC;11/02/2017, 21:28:18 UTC;11/02/2017, 18:29:33 UTC;11/02/2017, 16:22:37 UTC;11/02/2017, 15:59:32 UTC","last_modification_date":"2018-07-26T17:22:58Z","backwards_compatibility":0.0,"breaking_changes":0,"non_breaking_changes":0,"last_discussed_so_dates":"","last_discussed_so":null,"license":"Other","overall_score":1.9160217935454718},{"id":35,"name":"jdom","so_tag":"jdom","github_repo":"hunterhacker/jdom","github_url":"git://github.com/hunterhacker/jdom.git","jira_url":"","package":"org.jdom","domain":10,"domain_name":"XML Processing","created_on":"2020-06-16T00:48:54.584206Z","popularity":4,"release_frequency":156.37228187321938,"issue_closing_time":35.10618380295763,"issue_response_time":64.95658581116328,"performance":4.142011834319527,"security":1.183431952662722,"last_modification_dates":"04/21/2018, 11:15:40 UTC;02/28/2018, 23:08:50 UTC;12/27/2017, 18:03:27 UTC;12/11/2017, 01:58:09 UTC;05/23/2016, 13:21:47 UTC;11/14/2015, 13:32:22 UTC;11/14/2015, 13:27:11 UTC;02/15/2015, 02:58:04 UTC;02/15/2015, 01:48:51 UTC;02/15/2015, 00:46:27 UTC","last_modification_date":"2018-04-21T11:15:40Z","backwards_compatibility":0.0,"breaking_changes":0,"non_breaking_changes":0,"last_discussed_so_dates":"06/09/2020, 16:46:38 UTC;04/16/2020, 16:53:25 UTC;02/04/2020, 06:20:23 UTC;01/30/2020, 14:30:31 UTC;09/05/2019, 04:42:25 UTC;08/01/2019, 15:47:18 UTC;07/21/2019, 17:59:49 UTC;07/17/2019, 01:29:52 UTC;07/16/2019, 20:52:14 UTC;07/16/2019, 07:34:02 UTC","last_discussed_so":"2020-06-09T16:46:38Z","license":"Other","overall_score":2.771662479818466},{"id":15,"name":"jmock-library","so_tag":"jmock","github_repo":"jmock-developers/jmock-library","github_url":"git://github.com/jmock-developers/jmock-library.git","jira_url":"","package":"org.jmock","domain":4,"domain_name":"Mocking","created_on":"2020-06-16T00:48:54.619971Z","popularity":8,"release_frequency":33.017676966907736,"issue_closing_time":192.50054189814816,"issue_response_time":85.4521406050447,"performance":0.0,"security":0.0,"last_modification_dates":"05/13/2020, 10:23:16 UTC;05/13/2020, 10:07:10 UTC;05/12/2020, 08:21:57 UTC;05/06/2020, 15:35:34 UTC;04/30/2020, 12:40:51 UTC;04/30/2020, 12:28:41 UTC;04/24/2020, 07:23:53 UTC;04/24/2020, 07:23:04 UTC;04/23/2020, 21:00:18 UTC;04/23/2020, 20:50:18 UTC","last_modification_date":"2020-05-13T10:23:16Z","backwards_compatibility":124.30588235294118,"breaking_changes":21132,"non_breaking_changes":21112,"last_discussed_so_dates":"12/25/2019, 01:03:35 UTC;12/24/2019, 13:43:42 UTC;12/22/2019, 09:37:03 UTC;01/11/2019, 16:31:17 UTC;10/19/2018, 13:21:24 UTC;08/22/2018, 11:12:44 UTC;06/29/2018, 14:30:19 UTC;05/04/2018, 16:17:41 UTC;04/09/2018, 15:12:43 UTC;03/23/2018, 16:55:25 UTC","last_discussed_so":"2019-12-25T01:03:35Z","license":"BSD 3-Clause \"New\" or \"Revised\" License","overall_score":3.489428898872643},{"id":24,"name":"json-simple","so_tag":"json-simple","github_repo":"fangyidong/json-simple","github_url":"git://github.com/fangyidong/json-simple.git","jira_url":"","package":"org.json.simple","domain":6,"domain_name":"JSON","created_on":"2020-06-16T00:48:54.716620Z","popularity":24,"release_frequency":295.16819444444445,"issue_closing_time":19.72448663853727,"issue_response_time":556.703088699495,"performance":3.3333333333333335,"security":0.0,"last_modification_dates":"07/26/2014, 00:11:54 UTC;08/10/2013, 17:56:42 UTC;08/10/2013, 16:08:51 UTC;08/10/2013, 04:37:10 UTC;08/10/2013, 04:03:08 UTC;08/10/2013, 03:39:11 UTC;08/10/2013, 03:34:33 UTC;08/10/2013, 03:07:47 UTC;08/10/2013, 02:57:24 UTC;08/10/2013, 01:44:33 UTC","last_modification_date":"2014-07-26T00:11:54Z","backwards_compatibility":6.8,"breaking_changes":34,"non_breaking_changes":150,"last_discussed_so_dates":"06/14/2020, 17:37:02 UTC;05/13/2020, 10:03:13 UTC;05/13/2020, 04:19:46 UTC;05/05/2020, 12:59:00 UTC;05/04/2020, 17:51:21 UTC;04/19/2020, 13:21:58 UTC;04/09/2020, 12:53:51 UTC;04/01/2020, 01:33:08 UTC;03/05/2020, 08:35:58 UTC;02/29/2020, 12:58:07 UTC","last_discussed_so":"2020-06-14T17:37:02Z","license":"Apache License 2.0","overall_score":2.524854624279026},{"id":1,"name":"junit4","so_tag":"junit","github_repo":"junit-team/junit4","github_url":"git://github.com/junit-team/junit4.git","jira_url":"","package":"org.junit","domain":1,"domain_name":"Testing","created_on":"2020-06-16T00:48:54.705081Z","popularity":672,"release_frequency":219.27735833333335,"issue_closing_time":319.94617602957436,"issue_response_time":86.9626007605336,"performance":0.5108556832694764,"security":0.1277139208173691,"last_modification_dates":"04/10/2020, 11:40:42 UTC;04/10/2020, 11:39:57 UTC;04/10/2020, 11:38:43 UTC;02/07/2020, 20:35:25 UTC;01/27/2020, 07:50:22 UTC;01/01/2020, 15:56:21 UTC;01/01/2020, 15:44:03 UTC;01/01/2020, 15:43:55 UTC;12/01/2019, 10:01:20 UTC;12/01/2019, 10:01:12 UTC","last_modification_date":"2020-04-10T11:40:42Z","backwards_compatibility":25.153846153846153,"breaking_changes":654,"non_breaking_changes":2610,"last_discussed_so_dates":"06/15/2020, 12:00:11 UTC;06/15/2020, 05:13:44 UTC;06/14/2020, 23:08:59 UTC;06/14/2020, 17:51:38 UTC;06/14/2020, 12:34:16 UTC;06/13/2020, 18:08:10 UTC;06/13/2020, 11:35:58 UTC;06/13/2020, 09:00:31 UTC;06/13/2020, 04:12:07 UTC;06/13/2020, 02:32:30 UTC","last_discussed_so":"2020-06-15T12:00:11Z","license":"Eclipse Public License 1.0","overall_score":3.6833731786161605},{"id":21,"name":"keyczar","so_tag":"keyczar","github_repo":"google/keyczar","github_url":"git://github.com/google/keyczar.git","jira_url":"","package":"org.keyczar","domain":5,"domain_name":"Cryptography","created_on":"2020-06-16T00:48:54.785885Z","popularity":0,"release_frequency":122.15163580246914,"issue_closing_time":16.333755997474746,"issue_response_time":130.96453819444443,"performance":0.5617977528089888,"security":6.179775280898876,"last_modification_dates":"05/14/2019, 02:28:02 UTC;03/08/2019, 14:36:04 UTC;02/14/2017, 12:59:14 UTC;02/14/2017, 10:55:39 UTC;01/13/2017, 17:02:20 UTC;01/13/2017, 16:28:16 UTC;12/09/2016, 14:49:36 UTC;11/14/2016, 17:55:19 UTC;11/14/2016, 17:53:51 UTC;11/14/2016, 17:18:58 UTC","last_modification_date":"2019-05-14T02:28:02Z","backwards_compatibility":13.75,"breaking_changes":220,"non_breaking_changes":346,"last_discussed_so_dates":"03/08/2019, 20:24:53 UTC;10/02/2015, 14:31:00 UTC;10/14/2014, 16:33:56 UTC;05/02/2014, 06:34:28 UTC;05/02/2014, 05:51:35 UTC;11/17/2013, 10:19:07 UTC;01/17/2013, 16:45:51 UTC;01/15/2013, 10:42:57 UTC","last_discussed_so":"2019-03-08T20:24:53Z","license":"Apache License 2.0","overall_score":3.003545439919766},{"id":5,"name":"logback","so_tag":"logback","github_repo":"qos-ch/logback","github_url":"git://github.com/qos-ch/logback.git","jira_url":"https://jira.qos.ch/sr/jira.issueviews:searchrequest-xml/temp/SearchRequest.xml?jqlQuery=project+%3D+LOGBACK+AND+issuetype+%3D+Bug+ORDER+BY+priority+DESC%2C+updated+DESC&tempMax=1000&field=summary&field=reporter&field=created&field=resolved&field=comments","package":"ch.qos.logback","domain":2,"domain_name":"Logging","created_on":"2020-06-16T00:48:54.668730Z","popularity":55,"release_frequency":68.64719543650794,"issue_closing_time":-1.0,"issue_response_time":-1.0,"performance":-1.0,"security":-1.0,"last_modification_dates":"01/19/2020, 10:56:46 UTC;01/19/2020, 07:57:39 UTC;11/25/2019, 08:39:33 UTC;11/25/2019, 06:22:54 UTC;10/31/2019, 21:17:25 UTC;10/24/2019, 09:47:42 UTC;10/12/2019, 16:22:16 UTC;10/12/2019, 15:52:49 UTC;10/12/2019, 15:34:13 UTC;10/12/2019, 11:30:09 UTC","last_modification_date":"2020-01-19T10:56:46Z","backwards_compatibility":274.7042253521127,"breaking_changes":19504,"non_breaking_changes":23372,"last_discussed_so_dates":"06/12/2020, 22:05:42 UTC;06/12/2020, 06:53:04 UTC;06/09/2020, 13:12:49 UTC;06/08/2020, 21:54:27 UTC;06/06/2020, 11:48:35 UTC;06/06/2020, 06:23:12 UTC;06/04/2020, 13:03:14 UTC;06/04/2020, 09:19:00 UTC;06/04/2020, 03:30:24 UTC;06/03/2020, 21:53:50 UTC","last_discussed_so":"2020-06-12T22:05:42Z","license":"Other","overall_score":3.8446831570024784},{"id":4,"name":"logging-log4j2","so_tag":"log4j","github_repo":"apache/logging-log4j2","github_url":"git://github.com/apache/logging-log4j2.git","jira_url":"https://issues.apache.org/jira/sr/jira.issueviews:searchrequest-xml/temp/SearchRequest.xml?jqlQuery=project+%3D+LOG4J2+AND+issuetype+%3D+Bug+ORDER+BY+key+DESC&tempMax=1000&field=summary&field=created&field=reporter&field=resolved&field=comments","package":"org.apache.log4j","domain":2,"domain_name":"Logging","created_on":"2020-06-16T00:48:54.569763Z","popularity":83,"release_frequency":37.89329598765432,"issue_closing_time":98.80145778054172,"issue_response_time":34.798564461200336,"performance":4.195804195804196,"security":0.5994005994005994,"last_modification_dates":"06/12/2020, 09:46:27 UTC;06/12/2020, 07:40:24 UTC;06/11/2020, 08:12:43 UTC;06/09/2020, 09:30:11 UTC;06/07/2020, 20:23:45 UTC;06/07/2020, 19:10:16 UTC;05/25/2020, 20:42:48 UTC;05/23/2020, 22:58:04 UTC;05/22/2020, 23:15:40 UTC;05/20/2020, 14:35:22 UTC","last_modification_date":"2020-06-12T09:46:27Z","backwards_compatibility":259.1578947368421,"breaking_changes":19696,"non_breaking_changes":27812,"last_discussed_so_dates":"06/15/2020, 14:40:18 UTC;06/15/2020, 14:08:00 UTC;06/14/2020, 07:19:17 UTC;06/13/2020, 13:09:16 UTC;06/13/2020, 10:40:00 UTC;06/12/2020, 20:26:44 UTC;06/12/2020, 14:00:22 UTC;06/12/2020, 11:44:49 UTC;06/11/2020, 10:29:03 UTC;06/11/2020, 07:08:53 UTC","last_discussed_so":"2020-06-15T14:40:18Z","license":"Apache License 2.0","overall_score":3.9527144388024893},{"id":26,"name":"lsql","so_tag":"lsql","github_repo":"w11k/lsql","github_url":"git://github.com/w11k/lsql.git","jira_url":"","package":"com.w11k.lsql","domain":7,"domain_name":"Databases","created_on":"2020-06-16T00:48:54.680690Z","popularity":0,"release_frequency":10.955301967592591,"issue_closing_time":87.34278536079184,"issue_response_time":50.759110082304524,"performance":0.0,"security":0.0,"last_modification_dates":"07/25/2019, 09:19:03 UTC;07/25/2019, 09:17:34 UTC;07/22/2019, 15:09:31 UTC;07/22/2019, 15:09:21 UTC;07/22/2019, 15:06:59 UTC;07/22/2019, 15:06:49 UTC;07/22/2019, 15:06:28 UTC;07/22/2019, 15:01:47 UTC;07/22/2019, 15:01:36 UTC;03/16/2019, 16:24:49 UTC","last_modification_date":"2019-07-25T09:19:03Z","backwards_compatibility":3.373134328358209,"breaking_changes":678,"non_breaking_changes":934,"last_discussed_so_dates":"","last_discussed_so":null,"license":"Apache License 2.0","overall_score":3.2963494973859166},{"id":49,"name":"mahout","so_tag":"mahout","github_repo":"apache/mahout","github_url":"git://github.com/apache/mahout.git","jira_url":"https://issues.apache.org/jira/sr/jira.issueviews:searchrequest-xml/temp/SearchRequest.xml?jqlQuery=project+%3D+MAHOUT+AND+issuetype+%3D+Bug+ORDER+BY+priority+DESC%2C+updated+DESC&tempMax=1000&field=summary&field=reporter&field=created&field=resolved&field=comments","package":"org.apache.mahout","domain":13,"domain_name":"Machine Learning","created_on":"2020-06-16T00:48:54.791729Z","popularity":2,"release_frequency":107.62417438271605,"issue_closing_time":64.39443604438303,"issue_response_time":25.43301116248267,"performance":2.7878787878787876,"security":0.0,"last_modification_dates":"06/09/2020, 12:57:26 UTC;06/08/2020, 19:58:31 UTC;02/21/2020, 08:05:08 UTC;02/21/2020, 04:56:47 UTC;02/21/2020, 04:48:48 UTC;02/04/2020, 19:46:44 UTC;02/01/2020, 10:51:11 UTC;02/01/2020, 07:45:15 UTC;02/01/2020, 06:28:45 UTC;02/01/2020, 06:28:23 UTC","last_modification_date":"2020-06-09T12:57:26Z","backwards_compatibility":0.0,"breaking_changes":0,"non_breaking_changes":0,"last_discussed_so_dates":"03/26/2020, 03:19:40 UTC;01/14/2020, 19:30:56 UTC;11/25/2019, 02:16:37 UTC;03/21/2019, 03:37:34 UTC;09/07/2018, 13:06:34 UTC;07/03/2018, 05:56:26 UTC;05/29/2018, 18:24:51 UTC;04/18/2018, 15:40:56 UTC;04/11/2018, 19:20:31 UTC;02/07/2018, 12:59:23 UTC","last_discussed_so":"2020-03-26T03:19:40Z","license":"Other","overall_score":3.6946351875656926},{"id":50,"name":"Mallet","so_tag":"mallet","github_repo":"mimno/Mallet","github_url":"git://github.com/mimno/Mallet.git","jira_url":"","package":"cc.mallet","domain":13,"domain_name":"Machine Learning","created_on":"2020-06-16T00:48:54.722450Z","popularity":0,"release_frequency":409.7334780092593,"issue_closing_time":51.940017746913576,"issue_response_time":118.02403935185185,"performance":0.0,"security":0.0,"last_modification_dates":"04/03/2020, 16:35:04 UTC;04/03/2020, 16:34:12 UTC;12/04/2019, 21:17:16 UTC;12/02/2019, 18:28:23 UTC;12/02/2019, 18:25:18 UTC;12/02/2019, 09:19:02 UTC;12/02/2019, 09:07:28 UTC;11/29/2019, 11:29:54 UTC;11/29/2019, 08:50:35 UTC;11/21/2019, 20:50:10 UTC","last_modification_date":"2020-04-03T16:35:04Z","backwards_compatibility":0.0,"breaking_changes":0,"non_breaking_changes":0,"last_discussed_so_dates":"03/24/2020, 19:32:02 UTC;03/13/2020, 11:29:55 UTC;02/27/2020, 15:51:54 UTC;02/25/2020, 12:32:28 UTC;02/14/2020, 15:53:21 UTC;01/30/2020, 06:36:40 UTC;12/19/2019, 18:00:32 UTC;09/22/2019, 09:29:09 UTC;03/09/2019, 16:03:49 UTC;03/04/2019, 21:04:02 UTC","last_discussed_so":"2020-03-24T19:32:02Z","license":"Other","overall_score":2.707159921729664},{"id":40,"name":"mapdb","so_tag":"mapdb","github_repo":"jankotek/mapdb","github_url":"git://github.com/jankotek/mapdb.git","jira_url":"","package":"org.mapdb","domain":12,"domain_name":"Collections","created_on":"2020-06-16T00:48:54.644685Z","popularity":12,"release_frequency":31.380299134700174,"issue_closing_time":85.8581775761854,"issue_response_time":35.57972526599045,"performance":9.495896834701055,"security":0.4689331770222743,"last_modification_dates":"05/21/2020, 21:42:48 UTC;05/21/2020, 21:41:50 UTC;05/18/2020, 16:57:02 UTC;04/18/2020, 18:46:36 UTC;04/02/2020, 16:23:43 UTC;04/02/2020, 16:03:17 UTC;04/02/2020, 15:12:58 UTC;04/02/2020, 14:58:27 UTC;04/02/2020, 14:43:18 UTC;04/01/2020, 21:38:19 UTC","last_modification_date":"2020-05-21T21:42:48Z","backwards_compatibility":0.0,"breaking_changes":0,"non_breaking_changes":0,"last_discussed_so_dates":"06/01/2020, 14:20:12 UTC;05/30/2020, 15:31:02 UTC;03/25/2020, 07:01:30 UTC;10/03/2019, 07:10:25 UTC;03/28/2019, 17:22:30 UTC;01/26/2019, 02:42:19 UTC;12/26/2018, 12:07:41 UTC;12/11/2018, 11:21:16 UTC;12/09/2018, 21:09:59 UTC;11/19/2018, 11:13:22 UTC","last_discussed_so":"2020-06-01T14:20:12Z","license":"Apache License 2.0","overall_score":3.4874306095754637},{"id":9,"name":"minlog","so_tag":"minlog","github_repo":"EsotericSoftware/minlog","github_url":"git://github.com/EsotericSoftware/minlog.git","jira_url":"","package":"com.esotericsoftware.minlog","domain":2,"domain_name":"Logging","created_on":"2020-06-16T00:48:54.699599Z","popularity":3,"release_frequency":936.0144444444444,"issue_closing_time":249.71064814814815,"issue_response_time":249.48722800925927,"performance":0.0,"security":0.0,"last_modification_dates":"04/28/2020, 14:39:03 UTC;04/28/2020, 14:38:47 UTC;04/28/2020, 14:04:58 UTC;12/28/2018, 22:38:53 UTC;12/28/2018, 22:31:57 UTC;12/28/2018, 22:22:38 UTC;12/28/2018, 22:06:42 UTC;12/28/2018, 22:04:23 UTC;08/24/2018, 15:49:00 UTC;07/07/2017, 23:24:07 UTC","last_modification_date":"2020-04-28T14:39:03Z","backwards_compatibility":0.0,"breaking_changes":0,"non_breaking_changes":0,"last_discussed_so_dates":"","last_discussed_so":null,"license":"BSD 3-Clause \"New\" or \"Revised\" License","overall_score":2.1921416249936887},{"id":47,"name":"moa","so_tag":"moa","github_repo":"Waikato/moa","github_url":"git://github.com/Waikato/moa.git","jira_url":"","package":"moa","domain":13,"domain_name":"Machine Learning","created_on":"2020-06-16T00:48:54.842800Z","popularity":0,"release_frequency":191.4084939236111,"issue_closing_time":95.7570539021164,"issue_response_time":64.59109468339308,"performance":1.7543859649122806,"security":0.0,"last_modification_dates":"06/05/2020, 22:20:11 UTC;06/05/2020, 09:33:46 UTC;05/20/2020, 02:05:44 UTC;05/19/2020, 02:17:12 UTC;05/19/2020, 02:16:07 UTC;05/19/2020, 02:09:31 UTC;05/18/2020, 23:21:00 UTC;05/13/2020, 04:21:39 UTC;05/13/2020, 04:12:13 UTC;05/13/2020, 02:05:27 UTC","last_modification_date":"2020-06-05T22:20:11Z","backwards_compatibility":0.0,"breaking_changes":0,"non_breaking_changes":0,"last_discussed_so_dates":"11/17/2019, 18:22:29 UTC;12/23/2018, 07:06:56 UTC;12/01/2017, 14:26:32 UTC;03/02/2017, 18:33:00 UTC;02/11/2016, 14:38:18 UTC;01/15/2013, 10:17:50 UTC;06/03/2011, 11:16:23 UTC;06/06/2010, 07:35:09 UTC","last_discussed_so":"2019-11-17T18:22:29Z","license":"GNU General Public License v3.0","overall_score":3.1181934521126102},{"id":12,"name":"mockito","so_tag":"mockito","github_repo":"mockito/mockito","github_url":"git://github.com/mockito/mockito.git","jira_url":"","package":"org.mockito","domain":4,"domain_name":"Mocking","created_on":"2020-06-16T00:48:54.803460Z","popularity":273,"release_frequency":8.3930947671156,"issue_closing_time":94.90300523674514,"issue_response_time":27.835572361167362,"performance":1.6520894071914478,"security":0.0,"last_modification_dates":"05/31/2020, 12:38:16 UTC;05/31/2020, 12:33:50 UTC;05/27/2020, 07:18:33 UTC;05/25/2020, 15:07:58 UTC;05/25/2020, 15:01:43 UTC;05/14/2020, 14:53:11 UTC;05/14/2020, 14:46:15 UTC;05/11/2020, 13:43:13 UTC;05/10/2020, 10:26:34 UTC;05/08/2020, 20:31:37 UTC","last_modification_date":"2020-05-31T12:38:16Z","backwards_compatibility":62.65725806451613,"breaking_changes":31078,"non_breaking_changes":21698,"last_discussed_so_dates":"06/15/2020, 12:00:11 UTC;06/15/2020, 08:08:42 UTC;06/14/2020, 23:08:59 UTC;06/14/2020, 17:51:38 UTC;06/14/2020, 17:18:15 UTC;06/14/2020, 11:22:04 UTC;06/13/2020, 11:35:58 UTC;06/12/2020, 20:54:52 UTC;06/12/2020, 14:57:18 UTC;06/12/2020, 12:00:42 UTC","last_discussed_so":"2020-06-15T12:00:11Z","license":"MIT License","overall_score":4.369320333218695},{"id":31,"name":"mybatis-3","so_tag":"mybatis","github_repo":"mybatis/mybatis-3","github_url":"git://github.com/mybatis/mybatis-3.git","jira_url":"","package":"org.apache.ibatis","domain":9,"domain_name":"Object-relational Mapping","created_on":"2020-06-16T00:48:54.590242Z","popularity":74,"release_frequency":118.322179286141,"issue_closing_time":76.91730997827436,"issue_response_time":37.38458114179268,"performance":0.7960199004975124,"security":0.09950248756218905,"last_modification_dates":"06/11/2020, 13:00:47 UTC;06/11/2020, 06:45:42 UTC;06/07/2020, 10:38:13 UTC;06/07/2020, 07:54:34 UTC;06/07/2020, 06:07:57 UTC;06/07/2020, 02:53:47 UTC;06/07/2020, 01:29:37 UTC;06/06/2020, 11:48:45 UTC;06/05/2020, 11:20:40 UTC;06/05/2020, 11:20:26 UTC","last_modification_date":"2020-06-11T13:00:47Z","backwards_compatibility":0.0,"breaking_changes":0,"non_breaking_changes":0,"last_discussed_so_dates":"06/15/2020, 15:04:27 UTC;06/13/2020, 09:07:29 UTC;06/07/2020, 05:52:48 UTC;06/06/2020, 13:06:51 UTC;06/04/2020, 03:18:01 UTC;06/02/2020, 08:09:00 UTC;06/02/2020, 02:49:25 UTC;06/01/2020, 11:27:13 UTC;06/01/2020, 05:03:08 UTC;05/31/2020, 09:41:39 UTC","last_discussed_so":"2020-06-15T15:04:27Z","license":"Other","overall_score":3.9621642602225453},{"id":32,"name":"ormlite-android","so_tag":"ormlite","github_repo":"j256/ormlite-android","github_url":"git://github.com/j256/ormlite-android.git","jira_url":"","package":"com.j256.ormlite","domain":9,"domain_name":"Object-relational Mapping","created_on":"2020-06-16T00:48:54.829211Z","popularity":5,"release_frequency":50.276991812414266,"issue_closing_time":166.49627083333334,"issue_response_time":90.77326403727446,"performance":1.098901098901099,"security":1.098901098901099,"last_modification_dates":"02/22/2019, 19:20:47 UTC;01/03/2019, 15:37:02 UTC;01/03/2019, 15:35:59 UTC;01/03/2019, 15:34:05 UTC;01/03/2019, 15:27:06 UTC;01/01/2019, 14:04:07 UTC;12/04/2018, 15:51:39 UTC;12/04/2018, 15:46:14 UTC;07/02/2018, 19:40:55 UTC;07/02/2018, 19:36:22 UTC","last_modification_date":"2019-02-22T19:20:47Z","backwards_compatibility":0.0,"breaking_changes":0,"non_breaking_changes":0,"last_discussed_so_dates":"06/07/2020, 21:51:26 UTC;05/31/2020, 16:09:09 UTC;05/27/2020, 09:02:47 UTC;04/27/2020, 22:02:43 UTC;04/11/2020, 12:08:07 UTC;04/07/2020, 05:21:49 UTC;12/17/2019, 19:59:58 UTC;12/17/2019, 13:40:13 UTC;10/17/2019, 07:48:23 UTC;10/01/2019, 07:58:58 UTC","last_discussed_so":"2020-06-07T21:51:26Z","license":"ISC License","overall_score":2.626872701125278},{"id":14,"name":"powermock","so_tag":"powermock","github_repo":"powermock/powermock","github_url":"git://github.com/powermock/powermock.git","jira_url":"","package":"org.powermock","domain":4,"domain_name":"Mocking","created_on":"2020-06-16T00:48:54.710919Z","popularity":55,"release_frequency":52.02985292457092,"issue_closing_time":45.6692954882949,"issue_response_time":174.92332183826318,"performance":0.995575221238938,"security":0.11061946902654868,"last_modification_dates":"03/30/2020, 14:53:41 UTC;03/30/2020, 14:46:22 UTC;03/21/2020, 12:44:31 UTC;03/21/2020, 09:44:11 UTC;01/25/2020, 14:14:40 UTC;01/25/2020, 14:07:35 UTC;01/10/2020, 12:15:04 UTC;12/19/2019, 13:09:54 UTC;12/27/2019, 10:37:42 UTC;12/19/2019, 12:55:02 UTC","last_modification_date":"2020-03-30T14:53:41Z","backwards_compatibility":257.85714285714283,"breaking_changes":10830,"non_breaking_changes":10576,"last_discussed_so_dates":"06/03/2020, 17:25:40 UTC;05/30/2020, 18:20:10 UTC;05/29/2020, 06:22:33 UTC;05/28/2020, 09:40:23 UTC;05/22/2020, 12:00:07 UTC;05/21/2020, 18:10:14 UTC;05/21/2020, 09:00:51 UTC;05/20/2020, 13:21:28 UTC;05/16/2020, 18:27:42 UTC;05/15/2020, 16:49:07 UTC","last_discussed_so":"2020-06-03T17:25:40Z","license":"Apache License 2.0","overall_score":3.577199077384927},{"id":28,"name":"shiro","so_tag":"shiro","github_repo":"apache/shiro","github_url":"git://github.com/apache/shiro.git","jira_url":"https://issues.apache.org/jira/sr/jira.issueviews:searchrequest-xml/temp/SearchRequest.xml?jqlQuery=project+%3D+SHIRO+AND+issuetype+%3D+Bug+ORDER+BY+key+DESC&tempMax=1000&field=summary&field=reporter&field=created&field=resolved&field=comments","package":"org.apache.shiro","domain":8,"domain_name":"Security","created_on":"2020-06-16T00:48:54.728230Z","popularity":24,"release_frequency":94.29125,"issue_closing_time":330.091961266086,"issue_response_time":130.05499080009497,"performance":1.6129032258064515,"security":5.483870967741936,"last_modification_dates":"05/29/2020, 10:01:36 UTC;05/29/2020, 09:29:32 UTC;05/24/2020, 14:03:30 UTC;05/23/2020, 14:04:04 UTC;05/13/2020, 06:36:02 UTC;05/12/2020, 05:18:47 UTC;05/13/2020, 05:42:36 UTC;05/12/2020, 15:32:15 UTC;05/10/2020, 20:00:56 UTC;05/12/2020, 11:58:51 UTC","last_modification_date":"2020-05-29T10:01:36Z","backwards_compatibility":0.0,"breaking_changes":0,"non_breaking_changes":0,"last_discussed_so_dates":"05/20/2020, 12:55:30 UTC;05/05/2020, 21:40:02 UTC;04/08/2020, 09:47:21 UTC;03/10/2020, 10:48:26 UTC;02/22/2020, 15:48:39 UTC;01/22/2020, 18:16:12 UTC;01/05/2020, 14:57:32 UTC;11/20/2019, 14:49:59 UTC;11/12/2019, 15:38:30 UTC;10/30/2019, 07:42:25 UTC","last_discussed_so":"2020-05-20T12:55:30Z","license":"Apache License 2.0","overall_score":3.0189991442327786},{"id":3,"name":"slf4j","so_tag":"slf4j","github_repo":"qos-ch/slf4j","github_url":"git://github.com/qos-ch/slf4j.git","jira_url":"https://jira.qos.ch/sr/jira.issueviews:searchrequest-xml/temp/SearchRequest.xml?jqlQuery=project+%3D+SLF4J+AND+issuetype+%3D+Bug+ORDER+BY+priority+DESC%2C+updated+DESC&tempMax=1000&field=summary&field=reporter&field=created&field=resolved&field=comments","package":"org.slf4j","domain":2,"domain_name":"Logging","created_on":"2020-06-16T00:48:54.693971Z","popularity":309,"release_frequency":76.15555624654505,"issue_closing_time":-1.0,"issue_response_time":-1.0,"performance":-1.0,"security":-1.0,"last_modification_dates":"02/24/2020, 09:28:51 UTC;01/19/2020, 07:48:56 UTC;12/20/2019, 15:27:47 UTC;12/10/2019, 08:17:29 UTC;12/10/2019, 07:51:02 UTC;12/10/2019, 04:16:33 UTC;11/04/2019, 18:15:33 UTC;10/17/2019, 09:48:48 UTC;10/16/2019, 18:32:17 UTC;10/16/2019, 18:27:50 UTC","last_modification_date":"2020-02-24T09:28:51Z","backwards_compatibility":107.44117647058823,"breaking_changes":7306,"non_breaking_changes":8316,"last_discussed_so_dates":"06/15/2020, 05:33:36 UTC;06/13/2020, 17:45:25 UTC;06/11/2020, 12:21:03 UTC;06/11/2020, 07:55:15 UTC;06/06/2020, 11:48:35 UTC;06/05/2020, 04:39:22 UTC;06/04/2020, 03:30:24 UTC;06/02/2020, 14:35:49 UTC;06/02/2020, 05:40:03 UTC;05/29/2020, 12:22:05 UTC","last_discussed_so":"2020-06-15T05:33:36Z","license":"MIT License","overall_score":4.399131829350483},{"id":45,"name":"smile","so_tag":"smile","github_repo":"haifengl/smile","github_url":"git://github.com/haifengl/smile.git","jira_url":"","package":"smile","domain":13,"domain_name":"Machine Learning","created_on":"2020-06-16T00:48:54.632708Z","popularity":2,"release_frequency":71.66503582451499,"issue_closing_time":62.32697371321823,"issue_response_time":15.995149478570065,"performance":2.696078431372549,"security":0.0,"last_modification_dates":"06/07/2020, 03:23:31 UTC;06/04/2020, 00:22:36 UTC;06/03/2020, 23:54:09 UTC;05/20/2020, 23:40:06 UTC;06/03/2020, 23:30:48 UTC;06/03/2020, 19:30:42 UTC;05/29/2020, 15:09:50 UTC;05/10/2020, 16:33:33 UTC;05/09/2020, 18:01:14 UTC;05/09/2020, 16:57:44 UTC","last_modification_date":"2020-06-07T03:23:31Z","backwards_compatibility":0.0,"breaking_changes":0,"non_breaking_changes":0,"last_discussed_so_dates":"03/17/2020, 22:38:47 UTC;06/12/2019, 11:34:15 UTC;06/03/2019, 11:41:21 UTC;05/29/2019, 12:07:39 UTC;04/26/2019, 08:46:17 UTC;02/18/2019, 18:45:28 UTC;10/31/2016, 13:10:05 UTC","last_discussed_so":"2020-03-17T22:38:47Z","license":"Other","overall_score":3.772376592760531},{"id":20,"name":"spongycastle","so_tag":"spongycastle","github_repo":"rtyley/spongycastle","github_url":"git://github.com/rtyley/spongycastle.git","jira_url":"","package":"org.spongycastle","domain":5,"domain_name":"Cryptography","created_on":"2020-06-16T00:48:54.751245Z","popularity":5,"release_frequency":141.36632870370372,"issue_closing_time":37.71703839869281,"issue_response_time":107.31599151234568,"performance":6.976744186046512,"security":4.651162790697675,"last_modification_dates":"01/30/2018, 21:24:12 UTC;04/14/2017, 18:26:13 UTC;07/26/2014, 10:56:09 UTC;10/18/2015, 15:23:56 UTC;04/13/2017, 08:29:31 UTC;08/30/2017, 08:23:31 UTC;08/30/2017, 08:22:22 UTC;08/20/2017, 20:41:57 UTC;04/09/2017, 08:09:39 UTC;11/07/2013, 09:18:53 UTC","last_modification_date":"2018-01-30T21:24:12Z","backwards_compatibility":14671.818181818182,"breaking_changes":161390,"non_breaking_changes":185476,"last_discussed_so_dates":"12/24/2019, 18:41:31 UTC;09/11/2019, 08:17:38 UTC;07/23/2019, 13:00:51 UTC;06/11/2019, 12:50:43 UTC;11/18/2018, 22:07:49 UTC;08/02/2018, 11:15:31 UTC;06/06/2018, 06:18:44 UTC;04/11/2018, 15:35:23 UTC;04/03/2018, 13:06:32 UTC;03/01/2018, 13:18:10 UTC","last_discussed_so":"2019-12-24T18:41:31Z","license":"Other","overall_score":2.9449435078710264},{"id":29,"name":"spring-security","so_tag":"spring-security","github_repo":"spring-projects/spring-security","github_url":"git://github.com/spring-projects/spring-security.git","jira_url":"","package":"org.springframework.security","domain":8,"domain_name":"Security","created_on":"2020-06-16T00:48:54.734190Z","popularity":51,"release_frequency":33.02131690561529,"issue_closing_time":123.0817541679712,"issue_response_time":174.16901820979646,"performance":0.7303293371916769,"security":9.067107620228745,"last_modification_dates":"06/11/2020, 20:34:35 UTC;06/04/2020, 09:53:00 UTC;06/10/2020, 15:41:52 UTC;06/10/2020, 15:08:31 UTC;06/10/2020, 15:06:38 UTC;06/10/2020, 15:08:50 UTC;06/09/2020, 18:40:56 UTC;06/09/2020, 18:40:39 UTC;06/09/2020, 11:13:57 UTC;06/05/2020, 20:24:49 UTC","last_modification_date":"2020-06-11T20:34:35Z","backwards_compatibility":0.0,"breaking_changes":0,"non_breaking_changes":0,"last_discussed_so_dates":"06/15/2020, 14:50:38 UTC;06/15/2020, 12:31:56 UTC;06/15/2020, 08:27:02 UTC;06/15/2020, 07:31:46 UTC;06/15/2020, 06:56:26 UTC;06/14/2020, 19:46:16 UTC;06/14/2020, 17:10:20 UTC;06/14/2020, 14:54:05 UTC;06/14/2020, 14:24:18 UTC;06/14/2020, 05:54:01 UTC","last_discussed_so":"2020-06-15T14:50:38Z","license":"Apache License 2.0","overall_score":3.7398614037731406},{"id":2,"name":"testng","so_tag":"testng","github_repo":"cbeust/testng","github_url":"git://github.com/cbeust/testng.git","jira_url":"","package":"org.testng","domain":1,"domain_name":"Testing","created_on":"2020-06-16T00:48:54.625881Z","popularity":51,"release_frequency":45.70818086419753,"issue_closing_time":336.88284898637625,"issue_response_time":149.82323307365107,"performance":1.3828238719068413,"security":0.21834061135371177,"last_modification_dates":"05/31/2020, 17:43:14 UTC;05/29/2020, 08:12:39 UTC;05/29/2020, 07:03:39 UTC;05/13/2020, 19:09:12 UTC;05/12/2020, 13:47:57 UTC;05/12/2020, 09:17:42 UTC;05/10/2020, 19:16:04 UTC;05/12/2020, 09:05:22 UTC;05/12/2020, 03:18:11 UTC;05/12/2020, 03:15:32 UTC","last_modification_date":"2020-05-31T17:43:14Z","backwards_compatibility":0.05263157894736842,"breaking_changes":4,"non_breaking_changes":0,"last_discussed_so_dates":"06/15/2020, 13:46:06 UTC;06/14/2020, 10:31:15 UTC;06/13/2020, 13:09:16 UTC;06/11/2020, 22:36:13 UTC;06/11/2020, 13:01:47 UTC;06/11/2020, 12:32:49 UTC;06/11/2020, 12:15:13 UTC;06/11/2020, 04:38:42 UTC;06/10/2020, 14:51:31 UTC;06/10/2020, 13:04:33 UTC","last_discussed_so":"2020-06-15T13:46:06Z","license":"Apache License 2.0","overall_score":2.8483479118064094},{"id":7,"name":"tinylog","so_tag":"tinylog","github_repo":"pmwmedia/tinylog","github_url":"git://github.com/pmwmedia/tinylog.git","jira_url":"","package":"org.pmw.tinylog","domain":2,"domain_name":"Logging","created_on":"2020-06-16T00:48:54.608054Z","popularity":1,"release_frequency":48.01766552763081,"issue_closing_time":97.20941540948274,"issue_response_time":8.194534698840254,"performance":0.78125,"security":0.0,"last_modification_dates":"06/01/2020, 23:18:34 UTC;06/01/2020, 21:32:07 UTC;05/06/2020, 07:56:34 UTC;05/06/2020, 07:52:40 UTC;05/05/2020, 00:14:19 UTC;05/04/2020, 21:07:57 UTC;05/04/2020, 21:03:03 UTC;05/04/2020, 21:01:42 UTC;04/13/2020, 10:59:37 UTC;04/13/2020, 09:59:16 UTC","last_modification_date":"2020-06-01T23:18:34Z","backwards_compatibility":143.96875,"breaking_changes":9214,"non_breaking_changes":11144,"last_discussed_so_dates":"03/31/2020, 16:09:51 UTC;09/11/2019, 16:01:14 UTC;01/10/2018, 11:40:46 UTC;08/08/2017, 06:15:12 UTC;06/16/2017, 04:25:46 UTC;04/27/2017, 10:38:30 UTC;10/21/2016, 06:31:41 UTC;07/25/2016, 06:37:05 UTC;10/26/2015, 12:29:06 UTC;08/17/2014, 10:34:00 UTC","last_discussed_so":"2020-03-31T16:09:51Z","license":"Apache License 2.0","overall_score":3.801259032789641},{"id":36,"name":"vertx-mail-client","so_tag":"vertx-mail-client","github_repo":"vert-x3/vertx-mail-client","github_url":"git://github.com/vert-x3/vertx-mail-client.git","jira_url":"","package":"io.vertx.ext.mail","domain":11,"domain_name":"Mail Client","created_on":"2020-06-16T00:48:54.762667Z","popularity":2,"release_frequency":40.862961453301125,"issue_closing_time":77.21722258391203,"issue_response_time":92.16487011316873,"performance":2.564102564102564,"security":2.564102564102564,"last_modification_dates":"05/28/2020, 09:00:48 UTC;05/28/2020, 08:58:38 UTC;05/22/2020, 06:39:44 UTC;05/22/2020, 05:21:10 UTC;05/20/2020, 17:58:13 UTC;05/11/2020, 20:55:26 UTC;04/15/2020, 09:55:51 UTC;03/03/2020, 09:35:42 UTC;03/09/2020, 12:14:31 UTC;02/25/2020, 07:01:03 UTC","last_modification_date":"2020-05-28T09:00:48Z","backwards_compatibility":0.0,"breaking_changes":0,"non_breaking_changes":0,"last_discussed_so_dates":"","last_discussed_so":null,"license":"Apache License 2.0","overall_score":3.408105588695781},{"id":33,"name":"xerces2-j","so_tag":"xerces2-j","github_repo":"apache/xerces2-j","github_url":"git://github.com/apache/xerces2-j.git","jira_url":"https://issues.apache.org/jira/sr/jira.issueviews:searchrequest-xml/temp/SearchRequest.xml?jqlQuery=project+%3D+XERCESJ+AND+issuetype+%3D+Bug+ORDER+BY+priority+DESC%2C+updated+DESC&tempMax=1000&field=summary&field=reporter&field=created&field=resolved&field=comments","package":"org.apache.xerces","domain":10,"domain_name":"XML Processing","created_on":"2020-06-16T00:48:54.614072Z","popularity":9,"release_frequency":69.46498174398626,"issue_closing_time":578.5912814098201,"issue_response_time":77.14902694187242,"performance":2.3,"security":0.1,"last_modification_dates":"04/06/2019, 04:32:42 UTC;03/29/2019, 10:05:52 UTC;10/04/2018, 06:13:25 UTC;08/18/2018, 05:47:11 UTC;08/07/2018, 04:40:58 UTC;06/29/2018, 16:54:56 UTC;06/29/2018, 06:01:39 UTC;05/17/2018, 05:00:37 UTC;05/14/2018, 06:13:48 UTC;04/21/2018, 03:09:46 UTC","last_modification_date":"2019-04-06T04:32:42Z","backwards_compatibility":0.0,"breaking_changes":0,"non_breaking_changes":0,"last_discussed_so_dates":"06/23/2019, 16:55:12 UTC;11/14/2018, 17:55:16 UTC;04/10/2018, 09:39:38 UTC;04/08/2018, 09:21:52 UTC;01/23/2018, 16:46:44 UTC;08/12/2017, 09:58:32 UTC;08/07/2016, 15:17:12 UTC;04/13/2016, 08:08:44 UTC;04/21/2015, 07:09:06 UTC;03/26/2015, 17:53:37 UTC","last_discussed_so":"2019-06-23T16:55:12Z","license":"Other","overall_score":2.5018057581210833}]}